cluster_id,R_eta,n_pairs,tokens_en
globalvoices-v2018q4-doc-0091ab0b75875e2f,0.9596626772836463,24,836.0
globalvoices-v2018q4-doc-015f90b224c9ddd9,1.0584606972263713,18,411.0
globalvoices-v2018q4-doc-0197370d94fb4062,0.9547074807919543,14,272.0
globalvoices-v2018q4-doc-01def724238ba6ad,1.242161921411252,4,182.0
globalvoices-v2018q4-doc-0219d7d28a2af9a3,0.8995389470615616,2,63.0
globalvoices-v2018q4-doc-024d52204dcbc4e5,1.163233084049201,14,642.0
globalvoices-v2018q4-doc-0327ccc32db5bfeb,1.0380024079644907,6,157.0
globalvoices-v2018q4-doc-032ef90ec4d4910d,1.0101721836299014,32,1005.0
globalvoices-v2018q4-doc-03d4a7a84210045a,0.9263167299882302,18,423.0
globalvoices-v2018q4-doc-0526a07467c7e5b6,0.8342361446029929,5,175.0
globalvoices-v2018q4-doc-05bc135489cfce4b,1.0724549801921441,6,162.0
globalvoices-v2018q4-doc-05d78efd4dc68230,0.8015212261796942,4,118.0
globalvoices-v2018q4-doc-071f9f82d858791e,1.0756607731231649,10,306.0
globalvoices-v2018q4-doc-07f4f671fe731181,0.9999131821563885,37,980.0
globalvoices-v2018q4-doc-095d92d6934b2ca5,0.9100366523167165,10,176.0
globalvoices-v2018q4-doc-09afdd8949a6b820,0.8638760512243192,7,197.0
globalvoices-v2018q4-doc-09d703c1852378a6,0.9045504008593973,34,656.0
globalvoices-v2018q4-doc-0a3df9253dce97ac,0.9486069684998716,12,416.0
globalvoices-v2018q4-doc-0a7889807e747635,0.9169636148335012,103,2022.0
globalvoices-v2018q4-doc-0a8ae7ccb43ff6ac,0.9935944353381929,18,657.0
globalvoices-v2018q4-doc-0c08d5bc9aafcb64,0.9422240314053226,5,162.0
globalvoices-v2018q4-doc-0c33cad69b2d1f18,0.9286270640977855,82,1912.0
globalvoices-v2018q4-doc-0c46e4da352e2e78,0.8092434203206149,7,194.0
globalvoices-v2018q4-doc-0c92f600f0530f41,1.0179923782853064,3,57.0
globalvoices-v2018q4-doc-0c9dad776739f1ab,1.0021257986875731,10,368.0
globalvoices-v2018q4-doc-0cf51c0e4ec1305c,0.9246599263918377,44,990.0
globalvoices-v2018q4-doc-0cf98f625585a6be,0.9708789352739601,4,103.0
globalvoices-v2018q4-doc-0d664da5f440184c,0.9262390313618233,44,1184.0
globalvoices-v2018q4-doc-0d6da9c9ad8fa042,0.8634161366458041,8,239.0
globalvoices-v2018q4-doc-0dd80bdd8a46c37e,0.9254609635449393,30,557.0
globalvoices-v2018q4-doc-0e6620de56d04d7e,1.0331862092039998,19,466.0
globalvoices-v2018q4-doc-0f02d272d18e2ee9,0.9796228266945001,60,1297.0
globalvoices-v2018q4-doc-0f24bb3e18d3bb7c,0.9994501711706933,46,941.0
globalvoices-v2018q4-doc-0f9af46035f206b6,0.9622063542386063,15,442.0
globalvoices-v2018q4-doc-0fc5b1ba0a67b7db,0.8422281480254326,19,535.0
globalvoices-v2018q4-doc-0ff99f8b7b529a51,0.9578968402899438,30,898.0
globalvoices-v2018q4-doc-1092ccda8e30428b,0.9551694882837055,23,778.0
globalvoices-v2018q4-doc-10b451bedbf6ca57,0.8761141666682685,4,97.0
globalvoices-v2018q4-doc-11fac11cae2dfde2,0.974067032397116,16,458.0
globalvoices-v2018q4-doc-12b1dda2335d9b90,0.885349573118932,30,918.0
globalvoices-v2018q4-doc-12b332e67cf38da9,0.8705672853194403,44,1104.0
globalvoices-v2018q4-doc-12f52eaaaf937951,0.864724637195941,3,131.0
globalvoices-v2018q4-doc-12ff9983c6f31954,0.8994557758914773,28,580.0
globalvoices-v2018q4-doc-135dddc1a1aca1f1,0.9795965878243967,19,430.0
globalvoices-v2018q4-doc-1457afea7d852cdf,0.9192620122916513,31,724.0
globalvoices-v2018q4-doc-148b7126a4158f50,1.0584394239682209,25,657.0
globalvoices-v2018q4-doc-1509e65d39b333b2,1.0765545949734694,7,144.0
globalvoices-v2018q4-doc-155ed6391af03551,0.9174671061491507,30,586.0
globalvoices-v2018q4-doc-162fc01f0366e9e0,0.7467454964778831,4,118.0
globalvoices-v2018q4-doc-16e53bfdf986e8da,0.9624358730726639,54,1288.0
globalvoices-v2018q4-doc-178896f13f5a9f9d,1.001914283325521,27,716.0
globalvoices-v2018q4-doc-17ba005f504b8255,0.9746792399615454,5,149.0
globalvoices-v2018q4-doc-18684b2148332949,1.0057215502307573,42,1158.0
globalvoices-v2018q4-doc-18d03fdcfa9d4dd2,0.9515582097407107,23,561.0
globalvoices-v2018q4-doc-1975dbebc41f871a,0.9326614020399027,12,336.0
globalvoices-v2018q4-doc-19e31592bd78e418,1.049665171816129,21,544.0
globalvoices-v2018q4-doc-1a6c6af6a035ee68,0.7730340009304276,5,167.0
globalvoices-v2018q4-doc-1a96a048b82a5653,0.9961198579367961,113,2047.0
globalvoices-v2018q4-doc-1b31f32e71a1e7eb,0.8943770263172051,51,1142.0
globalvoices-v2018q4-doc-1b45b539fe75d81a,1.1074187009878793,17,435.0
globalvoices-v2018q4-doc-1b99a780154b3245,0.9743003068959739,12,348.0
globalvoices-v2018q4-doc-1bc54d34f7556d00,0.9519504702158962,53,1148.0
globalvoices-v2018q4-doc-1cb412b1db86faba,0.8653285879025534,4,103.0
globalvoices-v2018q4-doc-1ea32f7ef949355a,0.9694651086316339,5,141.0
globalvoices-v2018q4-doc-1f2281e39d245399,1.0720574309275,8,178.0
globalvoices-v2018q4-doc-2113c40a3b064752,0.8849546535055387,1,21.0
globalvoices-v2018q4-doc-21499abf81da6519,0.9249861081851645,17,444.0
globalvoices-v2018q4-doc-227ff28eb1b7832d,0.9283475238842707,5,167.0
globalvoices-v2018q4-doc-22aff976f035def7,1.0753998775636782,13,459.0
globalvoices-v2018q4-doc-23ad7790721058b7,0.9017967848797213,7,145.0
globalvoices-v2018q4-doc-23df0a07972e8ad9,0.9367140291672954,31,731.0
globalvoices-v2018q4-doc-24b93095069bbb09,0.922414242611103,46,888.0
globalvoices-v2018q4-doc-250d280f48ebe73d,0.9828730765327902,16,351.0
globalvoices-v2018q4-doc-255b61bbc37269ba,1.2034817643502256,3,76.0
globalvoices-v2018q4-doc-265a6088faab59e6,1.0680723330108857,7,198.0
globalvoices-v2018q4-doc-268469bda2135bc8,0.9120872015411692,33,819.0
globalvoices-v2018q4-doc-27e4affdaf681caa,1.0133326848453927,16,489.0
globalvoices-v2018q4-doc-2817406b6593441f,1.0506579493673194,27,630.0
globalvoices-v2018q4-doc-293e6a09962d864b,0.9097055344008323,38,918.0
globalvoices-v2018q4-doc-2aa75de71dae82d2,0.9752900751346185,19,770.0
globalvoices-v2018q4-doc-2acde2b0edf91595,0.9381716619925405,50,1005.0
globalvoices-v2018q4-doc-2b9b4da11dff0990,0.7811588191850418,3,110.0
globalvoices-v2018q4-doc-2cf7c4b46f676d55,0.9285804119689391,26,763.0
globalvoices-v2018q4-doc-2d8f17962f91ad45,1.0481759608110004,22,900.0
globalvoices-v2018q4-doc-2eda928137ee6ca7,0.9531221569554652,31,792.0
globalvoices-v2018q4-doc-308f492bfd72feaa,0.765145552615295,3,63.0
globalvoices-v2018q4-doc-30fc48f3a4023ddf,0.9834658162698204,31,891.0
globalvoices-v2018q4-doc-3119d6a9c521d715,0.9036123933239807,6,117.0
globalvoices-v2018q4-doc-3132347b719ac4ca,0.8862153307272469,8,238.0
globalvoices-v2018q4-doc-3379b905d976d633,0.9091236913941166,16,455.0
globalvoices-v2018q4-doc-33b60bf320f8d9d1,0.9744353380913267,31,914.0
globalvoices-v2018q4-doc-3520467bd22aa59c,0.8597618771958865,41,690.0
globalvoices-v2018q4-doc-35a2e067582db7da,0.9182124651145316,50,907.0
globalvoices-v2018q4-doc-35ff38cfcdaefe57,1.0646128975542604,71,1692.0
globalvoices-v2018q4-doc-3618e57e74ed3381,0.8796077039790476,32,580.0
globalvoices-v2018q4-doc-369c63ef10defac7,0.9763635878397345,11,342.0
globalvoices-v2018q4-doc-370b3483d8cecd0d,0.9761726925272434,24,789.0
globalvoices-v2018q4-doc-38a288c8d20a311e,0.952750436537621,63,1605.0
globalvoices-v2018q4-doc-39d67bf7476504bf,0.8657294639379166,25,675.0
globalvoices-v2018q4-doc-39f419cf9c4a7536,1.0133986305425107,31,883.0
globalvoices-v2018q4-doc-3b545eb87e1b4d9e,0.7808113419157608,7,139.0
globalvoices-v2018q4-doc-3b6ab1304327214c,1.0322070145191127,28,734.0
globalvoices-v2018q4-doc-3b6b57e9118d88b3,0.9288210428121464,18,472.0
globalvoices-v2018q4-doc-3d097723e97b66d0,0.930882735697719,38,942.0
globalvoices-v2018q4-doc-3d972c7fd7016d9a,0.9469251295844964,4,164.0
globalvoices-v2018q4-doc-3debb01bfe951bb5,0.9627864706798709,32,860.0
globalvoices-v2018q4-doc-3e35398b26d9a681,0.9540180002597832,29,749.0
globalvoices-v2018q4-doc-3ee0f2bba1577813,1.0866590187130793,12,243.0
globalvoices-v2018q4-doc-40260d93c389bae8,0.8812961519579035,77,1952.0
globalvoices-v2018q4-doc-40566166b7d13f3d,0.8705010191942084,11,379.0
globalvoices-v2018q4-doc-41ddff38449c1f84,0.9970534139134495,46,1023.0
globalvoices-v2018q4-doc-427ec5e53e44627a,0.8339839706631494,14,417.0
globalvoices-v2018q4-doc-435a690aebb30edf,0.9340775566923345,54,1295.0
globalvoices-v2018q4-doc-441c474d01a6551e,0.8900015361383912,27,698.0
globalvoices-v2018q4-doc-482f25b36831ebaa,0.9005865452913384,34,485.0
globalvoices-v2018q4-doc-48edf0b78ee1343c,0.904507730499129,17,485.0
globalvoices-v2018q4-doc-4a5eef5902c64893,0.9484397807429896,27,690.0
globalvoices-v2018q4-doc-4c434691aae010a8,0.9566534341097688,74,1558.0
globalvoices-v2018q4-doc-4d656b07c0207c40,0.9758634997138692,34,967.0
globalvoices-v2018q4-doc-4dcb3ec6bc074ec8,0.8748247256270878,44,1006.0
globalvoices-v2018q4-doc-4fd6a1084d068e8c,1.0341766979383507,45,1385.0
globalvoices-v2018q4-doc-4fe098c1d413f906,0.8878981517101844,32,858.0
globalvoices-v2018q4-doc-50bccbc12d42152d,0.9859266794509597,60,1554.0
globalvoices-v2018q4-doc-53038e697e79f17d,0.934973140519964,31,713.0
globalvoices-v2018q4-doc-531fb76c4d6db323,0.9272866549722698,13,302.0
globalvoices-v2018q4-doc-533a5efbaf3c9282,0.9356853976363432,25,955.0
globalvoices-v2018q4-doc-53578211fdfa562c,0.8536162115180965,4,175.0
globalvoices-v2018q4-doc-53c447815c77b392,0.88076969994118,20,440.0
globalvoices-v2018q4-doc-53db887b3bea8510,0.9531755734605045,45,989.0
globalvoices-v2018q4-doc-55d397f4ff33a1db,0.8507832126196294,19,314.0
globalvoices-v2018q4-doc-57aedbb35b4a913f,0.6873323734327633,1,18.0
globalvoices-v2018q4-doc-57fc39a2b484f989,0.9791510793187242,17,671.0
globalvoices-v2018q4-doc-58b08b5a5e392455,0.9730709018946816,12,284.0
globalvoices-v2018q4-doc-5900eeb54ad06052,1.044257975900667,12,224.0
globalvoices-v2018q4-doc-5b885edab89c7c9f,0.983998433141992,98,2364.0
globalvoices-v2018q4-doc-5bf93d9bd4d0eca4,1.0308445236484423,3,98.0
globalvoices-v2018q4-doc-5c0274121be52196,1.068188544458154,24,759.0
globalvoices-v2018q4-doc-5d26d58c5fd03f8f,0.9918413210049062,22,608.0
globalvoices-v2018q4-doc-5d9dbd5c9b51b864,0.9501109911351875,17,507.0
globalvoices-v2018q4-doc-5de2aa4b26dcb9cf,0.8964955879803733,18,612.0
globalvoices-v2018q4-doc-5e19feac80095ed5,0.8681087603797331,6,217.0
globalvoices-v2018q4-doc-5e896ae104ee2088,0.879273918916945,9,342.0
globalvoices-v2018q4-doc-5f682168af2b4731,0.8555834180739443,22,368.0
globalvoices-v2018q4-doc-5fb9ff3267d7b413,0.8858150380551391,25,805.0
globalvoices-v2018q4-doc-609f61ed718b7d7d,0.9817519577020793,59,1275.0
globalvoices-v2018q4-doc-60eb69859ade4e10,1.0296045488265235,26,554.0
globalvoices-v2018q4-doc-61c9a58a6d1c8bed,0.9530088450463307,28,773.0
globalvoices-v2018q4-doc-6306b1c7ed7a9ffe,0.952817393002929,4,105.0
globalvoices-v2018q4-doc-6323c60c21e5114b,1.0377400331990583,38,586.0
globalvoices-v2018q4-doc-644fc901d03f02ca,0.8790280655759583,28,610.0
globalvoices-v2018q4-doc-646f61c1cafdb1e2,1.0255678315202204,6,234.0
globalvoices-v2018q4-doc-64e3d212f7c01f14,0.9118609227681017,53,884.0
globalvoices-v2018q4-doc-6503b448c2285f8c,0.9307736861809859,15,228.0
globalvoices-v2018q4-doc-65a647d8887c0e7f,1.0621910402352281,17,374.0
globalvoices-v2018q4-doc-664d0b51e06ac9ae,0.9745726667865138,19,580.0
globalvoices-v2018q4-doc-671eea679032a189,0.8816775738632417,33,1003.0
globalvoices-v2018q4-doc-68384deac43ec047,1.1930354882226055,4,154.0
globalvoices-v2018q4-doc-69f8505a48bb9037,0.865533579668865,15,502.0
globalvoices-v2018q4-doc-6b5340ef0c89d631,0.9291653684952416,9,268.0
globalvoices-v2018q4-doc-6b5d743958f924d4,0.9867598599438789,14,317.0
globalvoices-v2018q4-doc-6bb2b822e46328e3,0.9722637956232404,24,498.0
globalvoices-v2018q4-doc-6c1913b4ead2c2ac,0.9824006756795168,15,538.0
globalvoices-v2018q4-doc-6c611440487efdcf,0.910026569577652,39,848.0
globalvoices-v2018q4-doc-6d4e4f1f6a3d4014,0.8693006958658759,37,876.0
globalvoices-v2018q4-doc-6dba240f4d45bc38,0.9654683363325024,58,1228.0
globalvoices-v2018q4-doc-6dfdf059eba22a59,0.896962353101167,22,754.0
globalvoices-v2018q4-doc-6f08d1a9d321d51b,0.9816987540305623,22,657.0
globalvoices-v2018q4-doc-71393c35323afd80,0.8112844656203658,10,272.0
globalvoices-v2018q4-doc-72811c0ac036432a,0.8660366054343663,41,1120.0
globalvoices-v2018q4-doc-72f5d247b5e541ae,0.9177683357325611,49,1005.0
globalvoices-v2018q4-doc-736e83537835ebd4,0.9576877495978883,8,254.0
globalvoices-v2018q4-doc-73a5e2c7b518ec60,0.9793281842232726,11,314.0
globalvoices-v2018q4-doc-7434fa3558f16daa,1.0877406768427347,33,816.0
globalvoices-v2018q4-doc-74b0fd8c88f8afc7,0.8763910510580323,24,616.0
globalvoices-v2018q4-doc-7624fd386ce9561a,1.0493746469364966,11,388.0
globalvoices-v2018q4-doc-775ed28fa562fcea,0.8633949106486266,7,170.0
globalvoices-v2018q4-doc-791538805a7128fd,0.9044024627522803,46,924.0
globalvoices-v2018q4-doc-7998d5d4c3b586a8,0.9763065689750198,10,308.0
globalvoices-v2018q4-doc-79d7c73db56f899f,0.955564864572778,49,1334.0
globalvoices-v2018q4-doc-7a18f41ca3ca9e77,0.8691914659860557,24,562.0
globalvoices-v2018q4-doc-7aad8aa1c8a3a92e,0.9245547089647494,23,846.0
globalvoices-v2018q4-doc-7b54a59ba7bb93cc,1.0449347293217075,16,431.0
globalvoices-v2018q4-doc-7c614fa0be04c4b3,0.9928083388794762,7,192.0
globalvoices-v2018q4-doc-7e684250aa605d73,0.9612500092576496,25,504.0
globalvoices-v2018q4-doc-7eca6fbee2e22959,0.9630419771437101,23,700.0
globalvoices-v2018q4-doc-7f43c59bdde9a00a,0.9466316745544857,28,857.0
globalvoices-v2018q4-doc-8079a2d7d6edee4f,0.9898970774272903,15,376.0
globalvoices-v2018q4-doc-8084fb5ce5c55f08,0.7484121444128461,7,144.0
globalvoices-v2018q4-doc-80cdbb389c7da837,0.965227517186422,6,173.0
globalvoices-v2018q4-doc-816203a49cdea3f3,0.9491414551472631,25,539.0
globalvoices-v2018q4-doc-81c0fd7c683b6358,0.7679537949086532,5,142.0
globalvoices-v2018q4-doc-844937f7b78b4ef3,0.982149222419509,8,193.0
globalvoices-v2018q4-doc-856796ca1387cfe3,0.9509263546773331,12,215.0
globalvoices-v2018q4-doc-8739a0e0f5720f04,1.0025379485990926,22,474.0
globalvoices-v2018q4-doc-87680b0ebf0caa16,1.0469535363594908,22,518.0
globalvoices-v2018q4-doc-887464d357a725a7,0.9176598309158362,48,1320.0
globalvoices-v2018q4-doc-8885534e43997285,0.854890848647848,8,219.0
globalvoices-v2018q4-doc-897065d44573aff2,0.9160374146614434,49,1192.0
globalvoices-v2018q4-doc-8a06a1e471065e61,1.2257162235703862,4,96.0
globalvoices-v2018q4-doc-8a942c27be7cbaa8,0.9567096155994279,28,942.0
globalvoices-v2018q4-doc-8ae3c31d6a08bf2c,0.8669202828426773,53,1170.0
globalvoices-v2018q4-doc-8c4dac72e72d4b38,0.9307059927167866,18,504.0
globalvoices-v2018q4-doc-8c897cc6c9dea761,0.9338605506220138,19,479.0
globalvoices-v2018q4-doc-8d89db822d12a2b6,1.043345236387628,37,713.0
globalvoices-v2018q4-doc-8dcb23830f68e8cb,0.9376946165940315,16,459.0
globalvoices-v2018q4-doc-8f96e64708fb39e1,1.0755899595460252,23,605.0
globalvoices-v2018q4-doc-8fca5d5c6d0529ab,0.9266166458877844,25,557.0
globalvoices-v2018q4-doc-8ff20eccaddeb143,0.9604092458853807,22,688.0
globalvoices-v2018q4-doc-9010b5d69381b1ad,0.974798845209783,30,713.0
globalvoices-v2018q4-doc-902b787261f6b286,1.037812440273208,7,151.0
globalvoices-v2018q4-doc-904a5471f6dbaf43,0.9241823460206856,47,965.0
globalvoices-v2018q4-doc-91d2431cd8d8f767,0.9824361667010222,29,859.0
globalvoices-v2018q4-doc-92cf5cf592a17005,0.9514000410424355,24,634.0
globalvoices-v2018q4-doc-92f8b99e23ba8239,0.9578131255396134,43,1130.0
globalvoices-v2018q4-doc-9398e532a65a84cc,0.9217704490221735,30,775.0
globalvoices-v2018q4-doc-93c0bbadb438687b,0.8822918432361769,42,949.0
globalvoices-v2018q4-doc-954747f39de9956a,0.9687374957033906,23,565.0
globalvoices-v2018q4-doc-96e314e4228406cb,0.9320017808998812,32,573.0
globalvoices-v2018q4-doc-96f1dc32fcebad50,0.8895918370991677,31,920.0
globalvoices-v2018q4-doc-98ad1e5ae04adad5,0.9438086355368211,71,1197.0
globalvoices-v2018q4-doc-9a0d27a64419f658,0.9061605430240566,9,261.0
globalvoices-v2018q4-doc-9aea8c79fafbc165,0.8676087231126158,31,658.0
globalvoices-v2018q4-doc-9b88559a5efdaad5,0.849530065897798,15,493.0
globalvoices-v2018q4-doc-9c9999653e5dd68c,1.0275031350834634,83,1908.0
globalvoices-v2018q4-doc-9cdbc970dade8653,0.9174531735824085,24,652.0
globalvoices-v2018q4-doc-9dc46e9bc9846045,0.9933069286774028,27,866.0
globalvoices-v2018q4-doc-9e16f14a4b465b0f,0.9597980479634304,50,1302.0
globalvoices-v2018q4-doc-9e60308075f0cb3d,1.0590159872589602,5,108.0
globalvoices-v2018q4-doc-9e95211d12795791,1.0337169160535769,6,172.0
globalvoices-v2018q4-doc-9ecd70a718bc6f53,0.9399738745917403,39,939.0
globalvoices-v2018q4-doc-a220d461c6e8c0d4,0.9621456558707849,5,167.0
globalvoices-v2018q4-doc-a2fe6041323cf116,0.8816503245983535,18,499.0
globalvoices-v2018q4-doc-a4b96b38d42f3d06,0.7632007302758771,48,1210.0
globalvoices-v2018q4-doc-a5fc6d1a01d239d9,0.9927000774190932,12,336.0
globalvoices-v2018q4-doc-a740cd85f21dd522,0.9231925547420207,15,492.0
globalvoices-v2018q4-doc-a7ca72d2ca3d3a1d,0.9711802337002959,30,787.0
globalvoices-v2018q4-doc-a895016aa8c993bb,0.8475014994101031,50,980.0
globalvoices-v2018q4-doc-a95642ee6df83238,0.8932413708221872,35,780.0
globalvoices-v2018q4-doc-a9637f04b2e1fe33,0.9612046054355303,41,1051.0
globalvoices-v2018q4-doc-a98c3e00c76fc02c,0.9557271890104395,17,510.0
globalvoices-v2018q4-doc-aa0a7cf379245fd3,0.9069326841017469,56,1030.0
globalvoices-v2018q4-doc-aaaa7e833a670da8,0.9466257917710819,26,587.0
globalvoices-v2018q4-doc-abf7bc42e1684fbe,0.9904987253376326,34,1112.0
globalvoices-v2018q4-doc-ac386829bd8d713e,1.025798588038463,10,207.0
globalvoices-v2018q4-doc-ac781d1dea1f2aa5,0.9681322514477735,3,74.0
globalvoices-v2018q4-doc-ac7b5ba2b712f7b2,0.9059997342485475,5,141.0
globalvoices-v2018q4-doc-ae2e4a7bcee58410,1.0087925091275152,12,254.0
globalvoices-v2018q4-doc-ae334a1c8ef29e84,0.9660259915549508,26,650.0
globalvoices-v2018q4-doc-b03045db4f71a033,0.8891613247312932,5,122.0
globalvoices-v2018q4-doc-b06e1d910b17a536,0.9822114386446933,46,1008.0
globalvoices-v2018q4-doc-b0806d53a2ba7e9e,1.1414080085999365,4,80.0
globalvoices-v2018q4-doc-b09dbc21b44041bd,0.9535392272501126,21,482.0
globalvoices-v2018q4-doc-b0b06a8d5fa3df11,1.3967798914858578,1,3.0
globalvoices-v2018q4-doc-b19df69ea47746a4,0.8864628171750781,18,487.0
globalvoices-v2018q4-doc-b19e62c6738d707d,1.0469116840517072,23,507.0
globalvoices-v2018q4-doc-b1c683729335e71b,0.9505116714109263,59,1320.0
globalvoices-v2018q4-doc-b23dfa7a261dbb17,0.9912298889158984,7,179.0
globalvoices-v2018q4-doc-b30b37f80fcb8584,1.0063931846906278,17,587.0
globalvoices-v2018q4-doc-b347e62c58b29c86,0.8949991646659172,18,459.0
globalvoices-v2018q4-doc-b5fcf6231b7d29e1,0.9191836724919079,15,360.0
globalvoices-v2018q4-doc-b898aa48643aed61,0.9517952631889025,44,837.0
globalvoices-v2018q4-doc-b91a20d6bedb9f0c,0.9990461931731548,63,1605.0
globalvoices-v2018q4-doc-b943f381313cac87,1.1922026816105196,9,335.0
globalvoices-v2018q4-doc-ba926200ebedbc5b,1.013397680750837,34,1063.0
globalvoices-v2018q4-doc-bade19a85844b62b,0.9351529525462161,5,131.0
globalvoices-v2018q4-doc-bdb38ed441165ceb,0.7130400281790568,4,103.0
globalvoices-v2018q4-doc-befe87f648abda9f,0.8783110174988303,58,1224.0
globalvoices-v2018q4-doc-bf4edf0246de544b,0.8098767747851087,6,249.0
globalvoices-v2018q4-doc-bfd217de09b0f2e2,1.1099675656887589,6,180.0
globalvoices-v2018q4-doc-c0b824954e737b6e,1.0040924239596705,26,575.0
globalvoices-v2018q4-doc-c11dbb3f897b0e48,0.8525366301095032,47,1142.0
globalvoices-v2018q4-doc-c25c190d32c656d5,0.8703366990299831,4,110.0
globalvoices-v2018q4-doc-c2772464129be191,0.8669302937180065,24,667.0
globalvoices-v2018q4-doc-c3579bafb497c779,0.9400564920628006,60,1581.0
globalvoices-v2018q4-doc-c448f2d5bce7af02,0.9665999855214562,3,98.0
globalvoices-v2018q4-doc-c47af85994ebd315,0.8148417823853558,11,235.0
globalvoices-v2018q4-doc-c4bfb68982a2a2cb,1.2066648141957108,7,199.0
globalvoices-v2018q4-doc-c556404cebfd7952,0.9251675478627619,21,592.0
globalvoices-v2018q4-doc-c63b49027c5b17ca,0.8676865268398333,45,889.0
globalvoices-v2018q4-doc-c742f1ca5cdb7ec0,0.812406019188187,5,123.0
globalvoices-v2018q4-doc-c76916854b22de98,0.9623770604683464,26,922.0
globalvoices-v2018q4-doc-c803dab7cfe447f6,0.9317973600762058,15,540.0
globalvoices-v2018q4-doc-c8aae90211ce3635,0.8663753254288632,3,123.0
globalvoices-v2018q4-doc-c9d6f9990d51e26f,1.0779216450613525,11,268.0
globalvoices-v2018q4-doc-c9e1e0c03061ec8d,0.8043968493159129,23,528.0
globalvoices-v2018q4-doc-c9febc590dd11aae,1.0024373100212332,28,745.0
globalvoices-v2018q4-doc-ca17a5f53f433385,0.9589659975846507,32,780.0
globalvoices-v2018q4-doc-cb78c90b00837183,1.0757726889665578,37,784.0
globalvoices-v2018q4-doc-cb8ae5e6241de3f9,0.9186652929388663,14,455.0
globalvoices-v2018q4-doc-cc3324c2baad3678,0.956936999125487,39,688.0
globalvoices-v2018q4-doc-cd399e4dff65bc72,0.9303266174856651,27,635.0
globalvoices-v2018q4-doc-cea788de2263cf30,0.9934396172322172,20,627.0
globalvoices-v2018q4-doc-cf52d52788e2fd39,0.7858067153195206,6,218.0
globalvoices-v2018q4-doc-d001769eb5974f18,0.7729114751955442,5,137.0
globalvoices-v2018q4-doc-d0ab40cbad7854ca,1.059434084290483,104,2173.0
globalvoices-v2018q4-doc-d122f15c20581e11,1.0021986215922292,18,402.0
globalvoices-v2018q4-doc-d1557879b75cce70,1.0411669854335757,37,817.0
globalvoices-v2018q4-doc-d270dbcd784a498f,0.9890078549721751,40,1189.0
globalvoices-v2018q4-doc-d299279aa421bddf,0.91757938915632,8,262.0
globalvoices-v2018q4-doc-d3e015c0aea10e49,0.8608820957864357,42,842.0
globalvoices-v2018q4-doc-d6f1dabfd6bb539b,0.9407689600297322,23,613.0
globalvoices-v2018q4-doc-d6fbda39b9081dd9,0.912998444808672,27,494.0
globalvoices-v2018q4-doc-d776f124238bf8cd,1.1944908882407408,5,253.0
globalvoices-v2018q4-doc-d8490e8d4ddb8830,0.9993138443314274,7,184.0
globalvoices-v2018q4-doc-d8c15886511a8a4c,0.8134179551720452,16,266.0
globalvoices-v2018q4-doc-daee0e262298d4f1,0.9632382725123482,35,861.0
globalvoices-v2018q4-doc-db02808c1377adce,0.9046532204961794,21,552.0
globalvoices-v2018q4-doc-dbaac5dded087c04,0.9629907455025807,29,708.0
globalvoices-v2018q4-doc-dd12737a3bf1c718,0.9239669527699393,40,1210.0
globalvoices-v2018q4-doc-dfae4da527e6871f,0.9441512983548251,18,383.0
globalvoices-v2018q4-doc-e227b354ceaf0a23,1.0777247128076382,11,448.0
globalvoices-v2018q4-doc-e3992911306d632e,0.8725871049406957,13,399.0
globalvoices-v2018q4-doc-e3a24832ba0c9808,0.9511455875185993,40,855.0
globalvoices-v2018q4-doc-e3d5d1c752b1b81c,0.9481789803065607,22,639.0
globalvoices-v2018q4-doc-e53affb068ce8f7c,0.8741876622910152,7,173.0
globalvoices-v2018q4-doc-e6b3cb92f8e30d04,1.0012550342098712,17,382.0
globalvoices-v2018q4-doc-e7767633fbdab88d,0.9701070187668784,73,1693.0
globalvoices-v2018q4-doc-e81a1ec7da310864,1.0255320144189333,61,1832.0
globalvoices-v2018q4-doc-e87ec3560ffaaae9,0.8847273121360703,44,987.0
globalvoices-v2018q4-doc-eb0279fe87c10a10,0.9107510181652501,22,454.0
globalvoices-v2018q4-doc-eb59e0b5f5f98038,0.8770525745914609,47,863.0
globalvoices-v2018q4-doc-eccc7ee7bbf350bc,0.923462968299096,36,766.0
globalvoices-v2018q4-doc-ed682a990f8df7d4,0.9217513716515958,20,691.0
globalvoices-v2018q4-doc-ee481e92febf0e69,0.8627272349113514,7,207.0
globalvoices-v2018q4-doc-ee785ff2de69da33,0.9351510762501477,38,1160.0
globalvoices-v2018q4-doc-eec983bd2117c83f,0.9449716717787802,38,904.0
globalvoices-v2018q4-doc-f012db31788f662e,0.8955047289556832,9,188.0
globalvoices-v2018q4-doc-f0c4662bb7e44758,1.076160820323423,6,161.0
globalvoices-v2018q4-doc-f0d50ba8aafdbb32,0.9481531319947689,14,341.0
globalvoices-v2018q4-doc-f226b6950639b55e,0.8783179374487848,23,764.0
globalvoices-v2018q4-doc-f2b7df080e8d8dc0,0.8800229966809638,60,866.0
globalvoices-v2018q4-doc-f3e2bd226979192c,0.9564651825466416,64,1430.0
globalvoices-v2018q4-doc-f5988fc5620d4ba4,0.9908046238639301,9,282.0
globalvoices-v2018q4-doc-f720b9e234ae9517,1.186577607543753,7,172.0
globalvoices-v2018q4-doc-f7d6111653aaaa90,0.9832950413779242,29,708.0
globalvoices-v2018q4-doc-f7e599af0692a00a,0.9236620374683848,67,1210.0
globalvoices-v2018q4-doc-f82ce4121dba7659,0.8653438566872981,20,336.0
globalvoices-v2018q4-doc-f8654452d9672369,0.9391879627953025,25,618.0
globalvoices-v2018q4-doc-fa1d357fb2afe96b,0.8962665020033179,11,318.0
globalvoices-v2018q4-doc-fa1d70c02ac8aa21,1.0406050657600978,18,538.0
globalvoices-v2018q4-doc-fa2522f2e5c8c98f,0.8976821635200358,26,554.0
globalvoices-v2018q4-doc-fa35b8a294755a94,0.8974087100829542,37,713.0
globalvoices-v2018q4-doc-fc0db006e46780f1,0.9744591177745721,27,630.0
globalvoices-v2018q4-doc-fd84459abe32aebf,0.881331234358246,29,746.0
globalvoices-v2018q4-doc-fe5eb8e65cf96b0b,0.9336248931341243,5,142.0
globalvoices-v2018q4-doc-ff0156d85a976db6,0.9061201131863695,18,370.0
globalvoices-v2018q4-doc-ff3f1bef7737a1f9,0.8488720419642327,22,318.0
